Nome Comum,Nome Científico,Detecções,Chamadas
Acauã,Herpetotheres cachinnans,1,1
Alegrinho,Serpophaga subcristata,7,7
Andorinha-Azul,Progne subis,2,2
Andorinha-Do-Campo,Progne tapera,1,1
Andorinha-Pequena-De-Casa,Pygochelidon cyanoleuca,3,3
Anhuma,Anhima cornuta,1,1
Anu-Coroca,Crotophaga major,1,1
Arapaçu-Bico-De-Cunha,Glyphorynchus spirurus,1,1
Arapaçu-De-Garganta-Amarela/Arapaçu-De-Lafresnaye,Xiphorhynchus guttatus,4,4
Arapaçu-Grande,Dendrocolaptes platyrostris,7,7
Araponga,Procnias nudicollis,1,1
Arara-Canindé,Ara ararauna,15,15
Aratinga-De-Testa-Azul,Thectocercus acuticaudatus,4,4
Ariramba-De-Cauda-Ruiva,Galbula ruficauda,33,33
Azulão,Cyanoloxia brissonii,1,1
Bacurau,Nyctidromus albicollis,3,3
Bacurau-De-Asa-Fina,Chordeiles acutipennis,10,10
Bacurau-De-Cauda-Barrada,Nyctiprogne leucopyga,1,1
Bacurau-Norte-Americano,Chordeiles minor,23,23
Bacurau-Tesoura,Hydropsalis torquata,51,51
Baiano,Sporophila nigricollis,588,588
Balança-Rabo-De-Chapéu-Preto/De-Roraima/Do-Acre/Do-Nordeste,Polioptila plumbea,3,3
Balança-Rabo-De-Máscara,Polioptila dumicola,17,17
Bandoleta,Cypsnagra hirundinacea,2,2
Barbudo-Rajado/Rajado-Pequeno,Malacoptila striata,3,3
Barulhento,Euscarthmus meloryphus,1,1
Batuiruçu-De-Axila-Preta,Pluvialis squatarola,2,2
Batuíra-De-Bando,Charadrius semipalmatus,1,1
Beija-Flor-De-Papo-Branco,Leucochloris albicollis,1,1
Beija-Flor-De-Peito-Azul,Chionomesa lactea,4,4
Beija-Flor-Preto,Florisuga fusca,1,1
Beija-Flor-Roxo,Chlorestes cyanus,2,2
Beija-Flor-Tesoura,Eupetomena macroura,1,1
Bem-Te-Vi,Pitangus sulphuratus,1415,1415
Bem-Te-Vi-Pirata,Legatus leucophaius,9,9
Bem-Te-Vi-Rajado,Myiodynastes maculatus,1,1
Bentevizinho-De-Asa-Ferrugínea,Myiozetetes cayanensis,1,1
Bentevizinho-De-Penacho-Vermelho,Myiozetetes similis,1,1
Besourinho-De-Bico-Vermelho,Chlorostilbon lucidus,1,1
Bico-Chato-Amarelo,Tolmomyias flaviventris,1,1
Bico-Chato-De-Cabeça-Cinza,Tolmomyias poliocephalus,1,1
Bico-Chato-De-Orelha-Preta,Tolmomyias sulphurescens,15,15
Bico-De-Lacre,Estrilda astrild,6,6
Bico-Grosso,Saltator maxillosus,3,3
Bigodinho,Sporophila lineola,6,6
Biguatinga,Anhinga anhinga,1,1
Black-Banded Owl,Ciccaba huhula,336,336
Borboletinha-Do-Mato,Phylloscartes ventralis,1,1
Borralhara,Mackenziaena severa,16,16
Borralhara-Assobiadora,Mackenziaena leachii,13,13
Cabecinha-Castanha,Thlypopsis pyrrhocoma,54,54
Caboclinho-De-Papo-Branco,Sporophila palustris,7,7
Caburé,Glaucidium brasilianum,1,1
Caburé-Acanelado,Aegolius harrisii,198,198
Cambacica,Coereba flaveola,359,359
Caneleiro-Preto,Pachyramphus polychopterus,159,159
Canário-Da-Terra,Sicalis flaveola,2,2
Canário-Do-Campo,Emberizoides herbicola,3,3
Canário-Do-Mato,Myiothlypis flaveola,2,2
Canário-Rasteiro,Sicalis citrina,1,1
Cara-Dourada,Phylloscartes roquettei,2,2
Catatau,Campylorhynchus turdinus,5,5
Cattle Egret,Bubulcus ibis,2,2
Chibum,Elaenia chiriquensis,1,1
Chirito,Ramphocaenus melanurus,1,1
Choca-Barrada/Choca-Barrada-Do-Nordeste,Thamnophilus doliatus,2,2
Choca-Da-Mata,Thamnophilus caerulescens,3,3
Choca-De-Chapéu-Vermelho,Thamnophilus ruficapillus,1,1
Chocão-Carijó,Hypoedaleus guttatus,1,1
Choquinha-Carijó,Drymophila malura,1,1
Choquinha-De-Flanco-Branco,Myrmotherula axillaris,1,1
Choquinha-De-Garganta-Pintada,Rhopias gularis,4,4
Chorozinho-De-Bico-Comprido,Herpsilochmus longirostris,3,3
Chupa-Dente,Conopophaga lineata,2,2
Chupim,Molothrus bonariensis,1,1
Cigarra-Bambu,Haplospiza unicolor,28,28
Cigarra-Preta,Asemospiza fuliginosa,5,5
Cigarrinha-Do-Norte,Sporophila schistacea,2,2
Cisqueiro-Do-Rio,Clibanornis rectirostris,5,5
Coleirinho,Sporophila caerulescens,11,11
Colhereiro,Platalea ajaja,1,1
Corruíra-Boreal,Troglodytes aedon,68,68
Coruja-Buraqueira,Athene cunicularia,1,1
Coruja-Das-Torres,Tyto alba,13,13
Coruja-Listrada,Strix hylophila,433,433
Coruja-Orelhuda,Asio clamator,5,5
Corujinha-Do-Mato,Megascops choliba,2,2
Coró-Coró,Mesembrinibis cayennensis,14,14
Curica,Amazona amazonica,2,2
Curicaca,Theristicus caudatus,49,49
Curió,Sporophila angolensis,11,11
Cuspidor-De-Máscara-Preta,Conopophaga melanops,3,3
Dituí,Drymophila ferruginea,1,1
Enferrujado,Lathrotriccus euleri,5,5
Estalador,Corythopis delalandi,8,8
Falcão-Peregrino,Falco peregrinus,1,1
Ferreirinho-Relógio,Todirostrum cinereum,22,22
Figuinha-De-Rabo-Castanho,Conirostrum speciosum,1,1
Filipe,Myiophobus fasciatus,31,31
Fim-Fim,Euphonia chlorotica,114,114
Fim-Fim-Grande,Euphonia xanthogaster,1,1
Flautim,Schiffornis virescens,2,2
Formigueiro-De-Barriga-Preta,Formicivora melanogaster,1,1
Formigueiro-Do-Nordeste,Formicivora iheringi,1,1
Galinha-Do-Mato,Formicarius colma,1,1
Garrinchão-De-Barriga-Vermelha,Cantorchilus leucotis,4,4
Garrinchão-De-Bico-Grande,Cantorchilus longirostris,2,2
Garça-Branca-Grande,Ardea alba,8,8
Gavião-Carijó,Rupornis magnirostris,66,66
Gavião-De-Rabo-Branco,Geranoaetus albicaudatus,2,2
Gavião-De-Sobre-Branco,Parabuteo leucorrhous,1,1
Gavião-Papa-Gafanhoto,Buteo swainsoni,1,1
Gavião-Tesoura,Elanoides forficatus,2,2
Gavião-Urubu,Buteo albonotatus,5,5
Gaviãozinho,Gampsonyx swainsonii,27,27
Gravatazeiro,Rhopornis ardesiacus,1,1
Guaracava-De-Barriga-Amarela,Elaenia flavogaster,315,315
Guaracava-De-Crista-Alaranjada,Myiopagis viridicata,1,1
Guaracava-De-Crista-Branca,Elaenia albiceps,13,13
Guaracava-De-Topete-Uniforme,Elaenia cristata,7,7
Guaracava-Grande,Elaenia spectabilis,1,1
Guaracava-Modesta,Sublegatus modestus,15,15
Guaracavuçu,Cnemotriccus fuscatus,1,1
Irré,Myiarchus swainsoni,3,3
Jacuguaçu,Penelope obscura,3,3
Jacurutu,Bubo virginianus,601,601
Jaó,Crypturellus undulatus,104,104
João-Bobo,Nystalus chacuru,1,1
João-Botina-Do-Brejo,Phacellodomus ferrugineigula,2,2
João-De-Barro,Furnarius rufus,74,74
João-Porca,Lochmias nematura,1,1
Juriti-Pupu,Leptotila verreauxi,32,32
Limpa-Folha-Do-Brejo,Syndactyla dimidiata,1,1
Limpa-Folha-Miúdo,Anabacerthia amaurotis,1,1
Limpa-Folha-Ocráceo,Anabacerthia lichtensteini,1,1
Maracanã-Do-Buriti,Orthopsittaca manilatus,6,6
Maracanã-Pequena,Diopsittaca nobilis,5,5
Maria-Cavaleira,Myiarchus ferox,19,19
Maria-Cavaleira-De-Rabo-Enferrujado,Myiarchus tyrannulus,2,2
Maria-Cavaleira-Pequena,Myiarchus tuberculifer,2,2
Martim-Pescador-Grande,Megaceryle torquata,50,50
Matracão,Batara cinerea,2,2
Maçarico-De-Perna-Amarela,Tringa flavipes,1,1
Maçarico-Galego/Maçarico-De-Bico-Torto,Numenius phaeopus,3,3
Maçarico-Grande-De-Perna-Amarela,Tringa melanoleuca,1,1
Maçarico-Pintado,Actitis macularius,29,29
Miudinho,Myiornis auricularis,3,3
Mocho-Diabo,Asio stygius,19,19
Mottled Owl,Ciccaba virgata,8,8
Murucututu,Pulsatrix perspicillata,1,1
Murucututu-De-Barriga-Amarela,Pulsatrix koeniswaldiana,6,6
Narcejão,Gallinago undulata,44,44
Negrinho-Do-Mato,Amaurospiza moesta,1,1
Neinei,Megarynchus pitangua,41,41
Olho-Falso,Hemitriccus diops,20,20
Papa-Lagarta-De-Asa-Vermelha,Coccyzus americanus,4,4
Papa-Moscas-Canela,Polystictus pectoralis,6,6
Papa-Taoca-Do-Sul,Pyriglena leucoptera,1,1
Papagaio-De-Peito-Roxo,Amazona vinacea,5,5
Papagaio-Verdadeiro,Amazona aestiva,12,12
Pardal,Passer domesticus,8,8
Patativa,Sporophila plumbea,48,48
Patinho,Platyrinchus mystaceus,9,9
Peitica,Empidonomus varius,1,1
Peitica-De-Chapéu-Preto,Empidonomus aurantioatrocristatus,1,1
Periquito-De-Encontro-Amarelo,Brotogeris chiriri,478,478
Periquito-Rico,Brotogeris tirica,9,9
Periquitão,Psittacara leucophthalmus,19,19
Petrim,Synallaxis frontalis,97,97
Pia-Cobra-Do-Norte,Geothlypis aequinoctialis,42,42
Pica-Pau-Branco,Melanerpes candidus,4,4
Pica-Pau-De-Topete-Vermelho,Campephilus melanoleucos,1,1
Pica-Pau-Rei,Campephilus robustus,1,1
Pica-Pau-Verde-Barrado,Colaptes melanochloros,1,1
Picaparra,Heliornis fulica,6,6
Picapauzinho-Barrado,Picumnus cirratus,18,18
Picapauzinho-De-Coleira,Picumnus temminckii,4,4
Picapauzinho-Escamoso,Picumnus albosquamatus,2,2
Picapauzinho-Pintado,Picumnus pygmaeus,6,6
Pichororé,Synallaxis ruficapilla,1,1
Pintadinho,Drymophila squamata,5,5
Pipira-Vermelha,Ramphocelus carbo,4,4
Pitiguari,Cyclarhis gujanensis,52,52
Pomba-Amargosa,Patagioenas plumbea,4,4
Pomba-Asa-Branca,Patagioenas picazuro,7,7
Pomba-Galega,Patagioenas cayennensis,3,3
Pompeu,Hylopezus ochroleucus,49,49
Pula-Pula,Basileuterus culicivorus,83,83
Pula-Pula-Assobiador,Myiothlypis leucoblephara,3,3
Pula-Pula-Ribeirinho/Pula-Pula-Da-Guiana,Myiothlypis rivularis,1,1
Quero-Quero,Vanellus chilensis,281,281
Quiriquiri,Falco sparverius,14,14
Risadinha,Camptostoma obsoletum,62,62
Rolinha-Cinzenta,Columbina passerina,2,2
Rolinha-Roxa,Columbina talpacoti,1,1
Russet-Crowned Crake,Anurolimnas viridis,1,1
Sabiazinho-Norte-Americano,Catharus fuscescens,2,2
Sabiá-Barranco,Turdus leucomelas,50,50
Sabiá-Do-Banhado,Embernagra platensis,4,4
Sabiá-Do-Campo,Mimus saturninus,4,4
Sabiá-Laranjeira,Turdus rufiventris,9,9
Sabiá-Poca,Turdus amaurochalinus,2,2
Sanhaço-Cinzento,Thraupis sayaca,16,16
Sanhaço-Da-Amazônia,Thraupis episcopus,8,8
Sanhaço-De-Coleira,Schistochlamys melanopis,1,1
Sanhaço-De-Encontro-Azul,Thraupis cyanoptera,1,1
Sanhaço-Do-Coqueiro,Thraupis palmarum,9,9
Sanhaço-Frade,Stephanophorus diadematus,19,19
Sanhaço-Montano/De-Fogo,Piranga flava,4,4
Sanhaço-Pardo,Orchesticus abeillei,1,1
Sanã-Parda,Laterallus melanophaius,1,1
Saracura-Do-Banhado,Pardirallus sanguinolentus,1,1
Saracura-Sanã,Pardirallus nigricans,8,8
Saracura-Três-Potes,Aramides cajaneus,461,461
Saí-Andorinha,Tersina viridis,4,4
Saí-Azul,Dacnis cayana,2,2
Saí-Canário,Thlypopsis sordida,6,6
Saíra-Amarela,Stilpnia cayana,49,49
Saíra-Beija-Flor,Cyanerpes cyaneus,2,2
Saíra-De-Bando,Tangara mexicana,1,1
Saíra-De-Chapéu-Preto,Nemosia pileata,4,4
Saíra-De-Papo-Preto,Hemithraupis guira,16,16
Saíra-Ferrugem,Hemithraupis ruficapilla,1,1
Saíra-Sapucaia,Stilpnia peruviana,1,1
Saíra-Sete-Cores,Tangara seledon,1,1
Sebinho-De-Olho-De-Ouro,Hemitriccus margaritaceiventer,2,2
Serra Do Mar Tyrannulet,Phylloscartes difficilis,1,1
Socó-Dorminhoco,Nycticorax nycticorax,28,28
Spot-Tailed Nightjar,Hydropsalis maculicaudus,1,1
Suiriri,Tyrannus melancholicus,226,226
Suiriri-Cinzento,Suiriri suiriri,1,1
Suiriri-Valente,Tyrannus tyrannus,18,18
Tangará,Chiroxiphia caudata,3,3
Tapaculo-Pintado,Psilorhamphus guttatus,1,1
Tapaculo-Preto,Scytalopus speluncae,2,2
Tauató-Miúdo,Accipiter striatus,7,7
Tem-Farinha-Aí,Myrmorchilus strigilatus,2,2
Teque-Teque,Todirostrum poliocephalum,1,1
Tesourinha/Tesourinha-Do-Norte,Tyrannus savana,44,44
Tico-Tico,Zonotrichia capensis,2,2
Tico-Tico-De-Bico-Amarelo/De-Costas-Cinza,Arremon flavirostris,2,2
Tico-Tico-De-Bico-Preto,Arremon taciturnus,3,3
Tico-Tico-De-Máscara-Negra,Coryphaspiza melanotis,2,2
Tico-Tico-Do-Campo,Ammodramus humeralis,73,73
Tico-Tico-Rei,Coryphospingus cucullatus,40,40
Tico-Tico-Rei-Cinza,Coryphospingus pileatus,12,12
Tiriba-De-Testa-Vermelha,Pyrrhura frontalis,1,1
Tiziu,Volatinia jacarina,2368,2368
Tiê-De-Bando/Do-Mato-Grosso,Habia rubica,5,5
Tiê-Preto,Tachyphonus coronatus,2,2
Tororó,Poecilotriccus plumbeiceps,2,2
Trepador-Quiete,Syndactyla rufosuperciliata,13,13
Trepadorzinho,Heliobletus contaminatus,1,1
Trinta-Réis-De-Bando,Thalasseus sandvicensis,8,8
Tucano-De-Bico-Preto,Ramphastos vitellinus,1,1
Tucanuçu,Ramphastos toco,16,16
Tuque-Pium,Elaenia parvirostris,1,1
Udu-De-Coroa-Azul,Momotus momota,1,1
Uirapuru-Laranja,Pipra fasciicauda,4,4
Uru,Odontophorus capueira,34,34
Urubu-Preto,Coragyps atratus,1,1
Urubuzinho,Chelidoptera tenebrosa,1,1
Urutau,Nyctibius griseus,20,20
Verdinho-Coroado,Hylophilus poicilotis,2,2
Vira-Folha/Vira-Folha-Cearense,Sclerurus scansor,1,1
Vite-Vite-De-Olho-Cinza,Hylophilus amaurocephalus,3,3
Yellow-Headed Caracara,Milvago chimachima,17,17
Águia-Pescadora,Pandion haliaetus,10,10
Águia-Serrana,Geranoaetus melanoleucus,1,1
